codon,aa,frequency
AAA,K,37.2
AAC,N,20.3
AAG,K,15.3
AAT,N,29.3
ACA,T,15.1
ACC,T,18.9
ACG,T,13.6
ACT,T,13.1
AGA,R,7.1
AGC,S,14.3
AGG,R,4.0
AGT,S,13.2
ATA,I,13.3
ATC,I,19.4
ATG,M,23.7
ATT,I,29.6
CAA,Q,14.4
CAC,H,7.3
CAG,Q,26.7
CAT,H,12.4
CCA,P,9.1
CCC,P,6.2
CCG,P,14.5
CCT,P,9.5
CGA,R,4.8
CGC,R,14.0
CGG,R,7.9
CGT,R,15.9
CTA,L,5.6
CTC,L,9.5
CTG,L,37.4
CTT,L,14.5
GAA,E,35.1
GAC,D,17.9
GAG,E,19.4
GAT,D,33.7
GCA,A,23.0
GCC,A,21.6
GCG,A,21.1
GCT,A,18.9
GGA,G,13.6
GGC,G,20.6
GGG,G,12.3
GGT,G,23.7
GTA,V,13.1
GTC,V,13.1
GTG,V,19.9
GTT,V,21.6
TAA,*,2.0
TAC,Y,11.7
TAG,*,0.3
TAT,Y,21.6
TCA,S,13.1
TCC,S,9.7
TCG,S,8.2
TCT,S,13.1
TGA,*,1.1
TGC,C,5.5
TGG,W,13.4
TGT,C,5.9
TTA,L,17.4
TTC,F,13.9
TTG,L,12.9
TTT,F,24.4
