junction,part_id,mask_start_0based,native_overhang,end
J_AAGA,B_LD5N,89,AAGA,3prime
J_AAGA,B_LD5T,89,AAGA,3prime
J_AAGA,B_LN5N,89,AAGA,3prime
J_AAGA,B_LN5T,89,AAGA,3prime
J_AAGA,C_LD5N,2,AAGA,5prime
J_AAGA,C_LD5T,2,AAGA,5prime
J_AAGA,C_LN5N,2,AAGA,5prime
J_AAGA,C_LN5T,2,AAGA,5prime
J_ACTC,1A_5N_AATG,122,ACTC,3prime
J_ACTC,1A_5N_AGGT,122,ACTC,3prime
J_ACTC,1A_5T_AATG,122,ACTC,3prime
J_ACTC,1A_5T_AGGT,122,ACTC,3prime
J_ACTC,2A_LD5N,92,ACTC,3prime
J_ACTC,2A_LD5T,92,ACTC,3prime
J_ACTC,2A_LN5N,92,ACTC,3prime
J_ACTC,2A_LN5T,92,ACTC,3prime
J_ACTC,B_LD5N,2,ACTC,5prime
J_ACTC,B_LD5T,2,ACTC,5prime
J_ACTC,B_LN5N,2,ACTC,5prime
J_ACTC,B_LN5T,2,ACTC,5prime
J_CTTC,1E_LD5N,101,CTTC,3prime
J_CTTC,1E_LD5T,101,CTTC,3prime
J_CTTC,1E_LN5N,101,CTTC,3prime
J_CTTC,1E_LN5T,101,CTTC,3prime
J_CTTC,2A_LD5N,2,CTTC,5prime
J_CTTC,2A_LD5T,2,CTTC,5prime
J_CTTC,2A_LN5N,2,CTTC,5prime
J_CTTC,2A_LN5T,2,CTTC,5prime
J_Cterm,2E_LD,38,TTCG,3prime
J_Cterm,2E_LN,38,TTCG,3prime
J_GCAC,C_LD5N,93,GCAC,3prime
J_GCAC,C_LD5T,93,GCAC,3prime
J_GCAC,C_LN5N,93,GCAC,3prime
J_GCAC,C_LN5T,93,GCAC,3prime
J_GCAC,D_LD5N,0,GCAC,5prime
J_GCAC,D_LD5T,0,GCAC,5prime
J_GCAC,D_LN5N,0,GCAC,5prime
J_GCAC,D_LN5T,0,GCAC,5prime
J_Nterm,1A_5N_AGGT,2,AGGT,5prime
J_Nterm,1A_5T_AGGT,2,AGGT,5prime
J_TGAA,1E_LD5N,2,TGAA,5prime
J_TGAA,1E_LD5T,2,TGAA,5prime
J_TGAA,1E_LN5N,2,TGAA,5prime
J_TGAA,1E_LN5T,2,TGAA,5prime
J_TGAA,2E_LD,2,TGAA,5prime
J_TGAA,2E_LN,2,TGAA,5prime
J_TGAA,D_LD5N,98,TGAA,3prime
J_TGAA,D_LD5T,98,TGAA,3prime
J_TGAA,D_LN5N,98,TGAA,3prime
J_TGAA,D_LN5T,98,TGAA,3prime
