junction,overhang,native
J_AAGA,AAGA,1
J_AAGA,AAGG,0
J_AAGA,ACGA,0
J_AAGA,ACGC,0
J_AAGA,ACGG,0
J_AAGA,ACGT,0
J_AAGA,CAGA,0
J_AAGA,CAGG,0
J_AAGA,CCGA,0
J_AAGA,CCGC,0
J_AAGA,CCGG,0
J_AAGA,CCGT,0
J_AAGA,TAGA,0
J_AAGA,TAGG,0
J_AAGA,TCGA,0
J_AAGA,TCGC,0
J_AAGA,TCGG,0
J_AAGA,TCGT,0
J_ACTC,ACTA,0
J_ACTC,ACTC,1
J_ACTC,ACTG,0
J_ACTC,ACTT,0
J_ACTC,ATTA,0
J_ACTC,ATTG,0
J_GCAC,GCAC,1
J_GCAC,GCCC,0
J_GCAC,GCGC,0
J_GCAC,GCTC,0
J_TGAA,AGAA,0
J_TGAA,AGAG,0
J_TGAA,CGAA,0
J_TGAA,CGAG,0
J_TGAA,TGAA,1
J_TGAA,TGAG,0
