architecture,target_position,target_base,part_id,assembly_group,assembly_order,code_suffix,note
9S,1,A,1A_5T_AGGT,CDS1,1,_5T,half-code 5th AA; full motif depends on next part
9S,1,G,1A_5T_AGGT,CDS1,1,_5T,half-code 5th AA; full motif depends on next part
9S,1,A,1A_5T_AATG,CDS1,1,_5T,half-code 5th AA; full motif depends on next part
9S,1,G,1A_5T_AATG,CDS1,1,_5T,half-code 5th AA; full motif depends on next part
9S,1,C,1A_5N_AGGT,CDS1,1,_5N,half-code 5th AA; full motif depends on next part
9S,1,U,1A_5N_AGGT,CDS1,1,_5N,half-code 5th AA; full motif depends on next part
9S,1,C,1A_5N_AATG,CDS1,1,_5N,half-code 5th AA; full motif depends on next part
9S,1,U,1A_5N_AATG,CDS1,1,_5N,half-code 5th AA; full motif depends on next part
9S,2,U,B_LD5N,CDS1,2,_LD5N,GAP Last+5th code; selected from full target via compile_target_gap
9S,2,G,B_LD5T,CDS1,2,_LD5T,GAP Last+5th code; selected from full target via compile_target_gap
9S,2,C,B_LN5N,CDS1,2,_LN5N,GAP Last+5th code; selected from full target via compile_target_gap
9S,2,A,B_LN5T,CDS1,2,_LN5T,GAP Last+5th code; selected from full target via compile_target_gap
9S,3,U,C_LD5N,CDS1,3,_LD5N,GAP Last+5th code; selected from full target via compile_target_gap
9S,3,G,C_LD5T,CDS1,3,_LD5T,GAP Last+5th code; selected from full target via compile_target_gap
9S,3,C,C_LN5N,CDS1,3,_LN5N,GAP Last+5th code; selected from full target via compile_target_gap
9S,3,A,C_LN5T,CDS1,3,_LN5T,GAP Last+5th code; selected from full target via compile_target_gap
9S,4,U,D_LD5N,CDS1,4,_LD5N,GAP Last+5th code; selected from full target via compile_target_gap
9S,4,G,D_LD5T,CDS1,4,_LD5T,GAP Last+5th code; selected from full target via compile_target_gap
9S,4,C,D_LN5N,CDS1,4,_LN5N,GAP Last+5th code; selected from full target via compile_target_gap
9S,4,A,D_LN5T,CDS1,4,_LN5T,GAP Last+5th code; selected from full target via compile_target_gap
9S,5,U,1E_LD5N,CDS1,5,_LD5N,GAP Last+5th code; selected from full target via compile_target_gap
9S,5,G,1E_LD5T,CDS1,5,_LD5T,GAP Last+5th code; selected from full target via compile_target_gap
9S,5,C,1E_LN5N,CDS1,5,_LN5N,GAP Last+5th code; selected from full target via compile_target_gap
9S,5,A,1E_LN5T,CDS1,5,_LN5T,GAP Last+5th code; selected from full target via compile_target_gap
9S,6,U,2A_LD5N,CDS2,1,_LD5N,GAP Last+5th code; selected from full target via compile_target_gap
9S,6,G,2A_LD5T,CDS2,1,_LD5T,GAP Last+5th code; selected from full target via compile_target_gap
9S,6,C,2A_LN5N,CDS2,1,_LN5N,GAP Last+5th code; selected from full target via compile_target_gap
9S,6,A,2A_LN5T,CDS2,1,_LN5T,GAP Last+5th code; selected from full target via compile_target_gap
9S,7,U,B_LD5N,CDS2,2,_LD5N,GAP Last+5th code; selected from full target via compile_target_gap
9S,7,G,B_LD5T,CDS2,2,_LD5T,GAP Last+5th code; selected from full target via compile_target_gap
9S,7,C,B_LN5N,CDS2,2,_LN5N,GAP Last+5th code; selected from full target via compile_target_gap
9S,7,A,B_LN5T,CDS2,2,_LN5T,GAP Last+5th code; selected from full target via compile_target_gap
9S,8,U,C_LD5N,CDS2,3,_LD5N,GAP Last+5th code; selected from full target via compile_target_gap
9S,8,G,C_LD5T,CDS2,3,_LD5T,GAP Last+5th code; selected from full target via compile_target_gap
9S,8,C,C_LN5N,CDS2,3,_LN5N,GAP Last+5th code; selected from full target via compile_target_gap
9S,8,A,C_LN5T,CDS2,3,_LN5T,GAP Last+5th code; selected from full target via compile_target_gap
9S,9,U,D_LD5N,CDS2,4,_LD5N,GAP Last+5th code; selected from full target via compile_target_gap
9S,9,G,D_LD5T,CDS2,4,_LD5T,GAP Last+5th code; selected from full target via compile_target_gap
9S,9,C,D_LN5N,CDS2,4,_LN5N,GAP Last+5th code; selected from full target via compile_target_gap
9S,9,A,D_LN5T,CDS2,4,_LN5T,GAP Last+5th code; selected from full target via compile_target_gap
9S,10,U,2E_LD,CDS2,5,_LD,half-code last AA; full motif depends on previous part
9S,10,G,2E_LD,CDS2,5,_LD,half-code last AA; full motif depends on previous part
9S,10,A,2E_LN,CDS2,5,_LN,half-code last AA; full motif depends on previous part
9S,10,C,2E_LN,CDS2,5,_LN,half-code last AA; full motif depends on previous part
